,Fullname,Score,Brand,sub2,sub3,sub4,Model,sub1,,,,
0,"OnePlus 8


Qualcomm Snapdragon 865 @ 1.8 GHz",886,OnePlus,,,,8,8,,,,
1,"OnePlus 8 Pro


Qualcomm Snapdragon 865 @ 1.8 GHz",872,OnePlus,Pro,, ,8 Pro   ,8,,,,
30,"Samsung Galaxy Tab S6


Qualcomm Snapdragon 855 @ 1.8 GHz",703,Samsung,Tab,S6,,Galaxy Tab S6 ,Galaxy,,,,
136,"Samsung Galaxy Tab S4 10.5


Qualcomm Snapdragon 835 @ 1.9 GHz",356,Samsung,Tab,S4,10.5,Galaxy Tab S4 10.5,Galaxy,,,,
149,"Samsung Galaxy Tab S5e


Qualcomm Snapdragon 670 @ 1.7 GHz",335,Samsung,Tab,S5e,,Galaxy Tab S5e ,Galaxy,,,,
223,"Samsung Galaxy Tab S3


Qualcomm Snapdragon 820 @ 1.6 GHz",284,Samsung,Tab,S3,,Galaxy Tab S3 ,Galaxy,,,,
255,"Samsung Galaxy Tab S2 9.7 (2016)


Qualcomm Snapdragon 652 @ 1.4 GHz",259,Samsung,Tab,S2,9.7,Galaxy Tab S2 9.7,Galaxy,,,,
267,"Samsung Galaxy Tab S2 8.0


Qualcomm Snapdragon 652 @ 1.4 GHz",252,Samsung,Tab,S2,8,Galaxy Tab S2 8,Galaxy,,,,
279,"Samsung Galaxy Tab S2 8.0


Samsung Exynos 5433 @ 1.4 GHz",233,Samsung,Tab,S2,8,Galaxy Tab S2 8,Galaxy,,,,
9,"OnePlus 7T Pro 5G


Qualcomm Snapdragon 855+ @ 1.8 GHz",760,OnePlus,Pro,5G,,7T Pro 5G ,7T,,,,
10,"Huawei Mate 30 Pro 5G


HiSilicon Kirin 990 @ 2.0 GHz",758,Huawei,30,Pro,5G,Mate 30 Pro 5G,Mate,,,,
11,"Huawei Mate 30 Pro


HiSilicon Kirin 990 @ 1.9 GHz",756,Huawei,30,Pro,,Mate 30 Pro ,Mate,,,,
305,"Samsung Galaxy Tab S2 9.7


Samsung Exynos 5433 @ 1.3 GHz",203,Samsung,Tab,S2,9.7,Galaxy Tab S2 9.7,Galaxy,,,,
13,"Vivo iQOO Pro 5G


Qualcomm Snapdragon 855+ @ 1.8 GHz",753,Vivo,Pro,5G,,iQOO Pro 5G ,iQOO,,,,
374,"Samsung Galaxy Tab Pro 8.4


Qualcomm Snapdragon 800 @ 2.3 GHz",154,Samsung,Tab,Pro,8.4,Galaxy Tab Pro 8.4,Galaxy,,,,
15,"Realme X2 Pro


Qualcomm Snapdragon 855+ @ 1.8 GHz",747,Realme,Pro,,,X2 Pro  ,X2,,,,
16,"OnePlus 7T Pro


Qualcomm Snapdragon 855+ @ 1.8 GHz",744,OnePlus,Pro,,,7T Pro  ,7T,,,,
17,"OnePlus 7T


Qualcomm Snapdragon 855+ @ 1.8 GHz",740,OnePlus,,,,7T   ,7T,,,,
432,"Samsung Galaxy Tab A 10.1


Samsung Exynos 7870 Octa @ 1.6 GHz",117,Samsung,Tab,A,10.1,Galaxy Tab A 10.1,Galaxy,,,,
19,"Asus Zenfone 6 ZS630KL


Qualcomm Snapdragon 855 @ 1.8 GHz",734,Asus,6,ZS630KL,,Zenfone 6 ZS630KL ,Zenfone,,,,
20,"ZTE nubia Red Magic 3


Qualcomm Snapdragon 855 @ 1.8 GHz",733,ZTE,Red,Magic,3,nubia Red Magic 3,nubia,,,,
21,"OnePlus 7 Pro 5G


Qualcomm Snapdragon 855 @ 1.8 GHz",733,OnePlus,Pro,5G,,7 Pro 5G ,7,,,,
22,"Oppo Reno 10x Zoom


Qualcomm Snapdragon 855 @ 1.8 GHz",729,Oppo,10x,Zoom,,Reno 10x Zoom ,Reno,,,,
23,"Asus ROG Phone II


Qualcomm Snapdragon 855+ @ 1.8 GHz",727,Asus,Phone,II,,ROG Phone II ,ROG,,,,
24,"OnePlus 7


Qualcomm Snapdragon 855 @ 1.8 GHz",724,OnePlus,,,,7,7,,,,
25,"OnePlus 7 Pro


Qualcomm Snapdragon 855 @ 1.8 GHz",722,OnePlus,Pro,,,7 Pro  ,7,,,,
26,"Sony Xperia 1


Qualcomm Snapdragon 855 @ 1.8 GHz",717,Sony,1,,,Xperia 1  ,Xperia,,,,
486,"Samsung Galaxy Tab A 8.0


Qualcomm MSM8916 Snapdragon 410 @ 1.2 GHz",81,Samsung,Tab,A,8,Galaxy Tab A 8,Galaxy,,,,
28,"Sony Xperia 5


Qualcomm Snapdragon 855 @ 1.8 GHz",714,Sony,5,,,Xperia 5  ,Xperia,,,,
29,"LG G8 ThinQ


Qualcomm Snapdragon 855 @ 1.8 GHz",706,LG,ThinQ,,,G8 ThinQ  ,G8,,,,
487,"Samsung Galaxy Tab A 9.7


Qualcomm MSM8916 Snapdragon 410 @ 1.2 GHz",81,Samsung,Tab,A,9.7,Galaxy Tab A 9.7,Galaxy,,,,
31,"LG G8S ThinQ


Qualcomm Snapdragon 855 @ 1.8 GHz",699,LG,ThinQ,,,G8S ThinQ  ,G8S,,,,
489,"Samsung Galaxy Tab E 9.6


Spreadtrum SC7730 @ 1.2 GHz",81,Samsung,Tab,E,9.6,Galaxy Tab E 9.6,Galaxy,,,,
498,"Samsung Galaxy Tab 4 10.1


Qualcomm Snapdragon 400 @ 1.2 GHz",66,Samsung,Tab,4,10.1,Galaxy Tab 4 10.1,Galaxy,,,,
61,"Samsung Galaxy S9+


Samsung Exynos 9810 @ 1.8 GHz",585,Samsung,S9+,,,Galaxy S9+  ,Galaxy,,,,
88,"Samsung Galaxy S9+


Qualcomm Snapdragon 845 @ 1.8 GHz",471,Samsung,S9+,,,Galaxy S9+  ,Galaxy,,,,
63,"Samsung Galaxy S9


Samsung Exynos 9810 @ 1.8 GHz",559,Samsung,S9,,,Galaxy S9  ,Galaxy,,,,
89,"Samsung Galaxy S9


Qualcomm Snapdragon 845 @ 1.8 GHz",465,Samsung,S9,,,Galaxy S9  ,Galaxy,,,,
38,"Huawei Honor View 20


HiSilicon Kirin 980 @ 1.8 GHz",688,Huawei,View,20,,Honor View 20 ,Honor,,,,
39,"LG V50S ThinQ 5G


Qualcomm Snapdragon 855 @ 1.8 GHz",688,LG,ThinQ,5G,,V50S ThinQ 5G ,V50S,,,,
40,"Huawei Mate 20 X


HiSilicon Kirin 980 @ 1.8 GHz",688,Huawei,20,X,,Mate 20 X ,Mate,,,,
41,"Huawei P30 Pro


HiSilicon Kirin 980 @ 1.8 GHz",686,Huawei,Pro,,,P30 Pro  ,P30,,,,
42,"Huawei Huawei P30


HiSilicon Kirin 980 @ 1.8 GHz",686,Huawei,P30,,,Huawei P30  ,Huawei,,,,
135,"Samsung Galaxy S8+


Samsung Exynos 8895 Octa @ 1.7 GHz",356,Samsung,S8+,,,Galaxy S8+  ,Galaxy,,,,
44,"Huawei Honor 20 Pro


HiSilicon Kirin 980 @ 1.8 GHz",685,Huawei,20,Pro,,Honor 20 Pro ,Honor,,,,
45,"LG V50 ThinQ 5G


Qualcomm Snapdragon 855 @ 1.8 GHz",685,LG,ThinQ,5G,,V50 ThinQ 5G ,V50,,,,
145,"Samsung Galaxy S8+


Qualcomm Snapdragon 835 @ 1.9 GHz",337,Samsung,S8+,,,Galaxy S8+  ,Galaxy,,,,
47,"Huawei Mate 20


HiSilicon Kirin 980 @ 1.8 GHz",683,Huawei,20,,,Mate 20  ,Mate,,,,
48,"Huawei Mate 20 Pro


HiSilicon Kirin 980 @ 1.8 GHz",682,Huawei,20,Pro,,Mate 20 Pro ,Mate,,,,
49,"Huawei Honor 20


HiSilicon Kirin 980 @ 1.8 GHz",680,Huawei,20,,,Honor 20  ,Honor,,,,
50,"Huawei nova 5T


HiSilicon Kirin 980 @ 1.8 GHz",678,Huawei,5T,,,nova 5T  ,nova,,,,
134,"Samsung Galaxy S8


Samsung Exynos 8895 Octa @ 1.7 GHz",357,Samsung,S8,,,Galaxy S8  ,Galaxy,,,,
146,"Samsung Galaxy S8


Qualcomm Snapdragon 835 @ 1.9 GHz",336,Samsung,S8,,,Galaxy S8  ,Galaxy,,,,
53,"Xiaomi Mi 9


Qualcomm Snapdragon 855 @ 1.8 GHz",668,Xiaomi,9,,,Mi 9  ,Mi,,,,
54,"Google Pixel 4


Qualcomm Snapdragon 855 @ 1.8 GHz",666,Google,4,,,Pixel 4  ,Pixel,,,,
55,"Google Pixel 4 XL


Qualcomm Snapdragon 855 @ 1.8 GHz",662,Google,4,XL,,Pixel 4 XL ,Pixel,,,,
56,"Xiaomi Mi 9T Pro


Qualcomm Snapdragon 855 @ 1.8 GHz",659,Xiaomi,9T,Pro,,Mi 9T Pro ,Mi,,,,
57,"Xiaomi Redmi K20 Pro


Qualcomm Snapdragon 855 @ 1.8 GHz",657,Xiaomi,K20,Pro,,Redmi K20 Pro ,Redmi,,,,
148,"Samsung Galaxy S8 Active


Qualcomm Snapdragon 835 @ 1.9 GHz",335,Samsung,S8,Active,,Galaxy S8 Active ,Galaxy,,,,
59,"Xiaomi Redmi K20 Pro Premium Edition


Qualcomm Snapdragon 855+ @ 1.8 GHz",642,Xiaomi,K20,Pro,Premium,Redmi K20 Pro Premium,Redmi,,,,Edition
60,"Huawei Honor 9X


HiSilicon Kirin 810 @ 1.9 GHz",590,Huawei,9X,,,Honor 9X  ,Honor,,,,
142,"Samsung Galaxy S7


Samsung Exynos 8890 @ 1.6 GHz",343,Samsung,S7,,,Galaxy S7  ,Galaxy,,,,
179,"Samsung Galaxy S7 edge


Samsung Exynos 8890 @ 1.6 GHz",318,Samsung,S7,edge,,Galaxy S7 edge ,Galaxy,,,,
250,"Samsung Galaxy S7


Qualcomm Snapdragon 820 @ 1.6 GHz",266,Samsung,S7,,,Galaxy S7  ,Galaxy,,,,
64,"Oppo Reno2


Qualcomm Snapdragon 730G @ 1.8 GHz",538,Oppo,,,,Reno2   ,Reno2,,,,
65,"Xiaomi Black Shark 2


Qualcomm Snapdragon 855 @ 1.8 GHz",532,Xiaomi,Shark,2,,Black Shark 2 ,Black,,,,
66,"Xiaomi Mi 9T


Qualcomm Snapdragon 730 @ 1.8 GHz",523,Xiaomi,9T,,,Mi 9T  ,Mi,,,,
262,"Samsung Galaxy S7 Active


Qualcomm Snapdragon 820 @ 1.6 GHz",255,Samsung,S7,Active,,Galaxy S7 Active ,Galaxy,,,,
68,"Xiaomi Mi Note 10


Qualcomm Snapdragon 730G @ 1.8 GHz",520,Xiaomi,Note,10,,Mi Note 10 ,Mi,,,,
271,"Samsung Galaxy S7 edge


Qualcomm Snapdragon 820 @ 1.6 GHz",248,Samsung,S7,edge,,Galaxy S7 edge ,Galaxy,,,,
70,"Xiaomi Redmi K20


Qualcomm Snapdragon 730 @ 1.8 GHz",513,Xiaomi,K20,,,Redmi K20  ,Redmi,,,,
71,"Asus Zenfone 5z


Qualcomm Snapdragon 845 @ 1.8 GHz",511,Asus,5z,,,Zenfone 5z  ,Zenfone,,,,
72,"OnePlus 6T


Qualcomm Snapdragon 845 @ 1.8 GHz",509,OnePlus,,,,6T   ,6T,,,,
73,"Sony Xperia XZ2 Compact


Qualcomm Snapdragon 845 @ 1.8 GHz",508,Sony,XZ2,Compact,,Xperia XZ2 Compact ,Xperia,,,,
74,"HTC U12+


Qualcomm Snapdragon 845 @ 1.8 GHz",507,HTC,,,,U12+   ,U12+,,,,
75,"OnePlus 6


Qualcomm Snapdragon 845 @ 1.8 GHz",506,OnePlus,,,,6,6,,,,
76,"Sony Xperia XZ2


Qualcomm Snapdragon 845 @ 1.8 GHz",504,Sony,XZ2,,,Xperia XZ2  ,Xperia,,,,
77,"Asus ROG Phone


Qualcomm Snapdragon 845 @ 1.8 GHz",504,Asus,Phone,,,ROG Phone  ,ROG,,,,
78,"Razer Phone 2


Qualcomm Snapdragon 845 @ 1.8 GHz",502,Razer,2,,,Phone 2  ,Phone,,,,
264,"Samsung Galaxy S6 Active


Samsung Exynos 7420 @ 1.5 GHz",254,Samsung,S6,Active,,Galaxy S6 Active ,Galaxy,,,,
80,"Xiaomi Redmi Note 7 Pro


Qualcomm Snapdragon 675 @ 1.7 GHz",497,Xiaomi,Note,7,Pro,Redmi Note 7 Pro,Redmi,,,,
81,"Vivo V15 Pro


Qualcomm Snapdragon 675 @ 1.7 GHz",493,Vivo,Pro,,,V15 Pro  ,V15,,,,
82,"Vivo NEX S


Qualcomm Snapdragon 845 @ 1.8 GHz",492,Vivo,S,,,NEX S  ,NEX,,,,
83,"Meizu 16th


Qualcomm Snapdragon 845 @ 1.8 GHz",483,Meizu,,,,16th   ,16th,,,,
272,"Samsung Galaxy S6 edge+


Samsung Exynos 7420 @ 1.5 GHz",243,Samsung,S6,edge+,,Galaxy S6 edge+ ,Galaxy,,,,
85,"LG G7 ThinQ


Qualcomm Snapdragon 845 @ 1.8 GHz",475,LG,ThinQ,,,G7 ThinQ  ,G7,,,,
274,"Samsung Galaxy S6 edge


Samsung Exynos 7420 @ 1.5 GHz",239,Samsung,S6,edge,,Galaxy S6 edge ,Galaxy,,,,
87,"Google Pixel 3 XL


Qualcomm Snapdragon 845 @ 1.8 GHz",473,Google,3,XL,,Pixel 3 XL ,Pixel,,,,
293,"Samsung Galaxy S6


Samsung Exynos 7420 @ 1.5 GHz",222,Samsung,S6,,,Galaxy S6  ,Galaxy,,,,
367,"Samsung Galaxy S5 Plus


Qualcomm APQ8084 Snapdragon 805 @ 2.5 GHz",159,Samsung,S5,Plus,,Galaxy S5 Plus ,Galaxy,,,,
90,"Google Pixel 3


Qualcomm Snapdragon 845 @ 1.8 GHz",459,Google,3,,,Pixel 3  ,Pixel,,,,
91,"Xiaomi Mix 2S


Qualcomm Snapdragon 845 @ 1.8 GHz",454,Xiaomi,2S,,,Mix 2S  ,Mix,,,,
92,"Xiaomi Pocophone F1


Qualcomm Snapdragon 845 @ 1.8 GHz",454,Xiaomi,F1,,,Pocophone F1  ,Pocophone,,,,
93,"Xiaomi Mi 8


Qualcomm Snapdragon 845 @ 1.8 GHz",450,Xiaomi,8,,,Mi 8  ,Mi,,,,
94,"Xiaomi Mi Mix 3


Qualcomm Snapdragon 845 @ 1.8 GHz",447,Xiaomi,Mix,3,,Mi Mix 3 ,Mi,,,,
95,"LG V35 ThinQ


Qualcomm Snapdragon 845 @ 1.8 GHz",438,LG,ThinQ,,,V35 ThinQ  ,V35,,,,
96,"Xiaomi Black Shark Helo


Qualcomm Snapdragon 845 @ 1.8 GHz",433,Xiaomi,Shark,Helo,,Black Shark Helo ,Black,,,,
97,"LG V40 ThinQ


Qualcomm Snapdragon 845 @ 1.8 GHz",429,LG,ThinQ,,,V40 ThinQ  ,V40,,,,
98,"Xiaomi Poco F1


Qualcomm Snapdragon 845 @ 1.8 GHz",423,Xiaomi,F1,,,Poco F1  ,Poco,,,,
99,"Xiaomi Black Shark


Qualcomm Snapdragon 845 @ 1.8 GHz",407,Xiaomi,Shark,,,Black Shark  ,Black,,,,
100,"Realme 5 Pro


Qualcomm Snapdragon 712 @ 1.7 GHz",406,Realme,Pro,,,5 Pro  ,5,,,,
101,"Realme XT


Qualcomm Snapdragon 712 @ 1.7 GHz",405,Realme,,,,XT   ,XT,,,,
102,"Vivo Z1Pro


Qualcomm Snapdragon 712 @ 1.7 GHz",403,Vivo,,,,Z1Pro   ,Z1Pro,,,,
103,"Xiaomi Mi 9 SE


Qualcomm Snapdragon 712 @ 1.7 GHz",400,Xiaomi,9,SE,,Mi 9 SE ,Mi,,,,
104,"Realme 3 Pro


Qualcomm Snapdragon 710 @ 1.7 GHz",391,Realme,Pro,,,3 Pro  ,3,,,,
105,"Realme X


Qualcomm Snapdragon 710 @ 1.7 GHz",389,Realme,,,,X   ,X,,,,
106,"Oppo Reno


Qualcomm Snapdragon 710 @ 1.7 GHz",387,Oppo,,,,Reno   ,Reno,,,,
107,"OnePlus 5T


Qualcomm Snapdragon 835 @ 1.9 GHz",385,OnePlus,,,,5T   ,5T,,,,
108,"Razer Phone


Qualcomm Snapdragon 835 @ 1.9 GHz",384,Razer,,,,Phone   ,Phone,,,,
109,"HTC U11


Qualcomm Snapdragon 835 @ 1.9 GHz",381,HTC,,,,U11   ,U11,,,,
110,"Huawei Nova 2s


Hisilicon Kirin 960 @ 1.8 GHz",381,Huawei,2s,,,Nova 2s  ,Nova,,,,
111,"HTC U11+


Qualcomm Snapdragon 835 @ 1.9 GHz",381,HTC,,,,U11+   ,U11+,,,,
112,"Xiaomi Mi 8 SE


Qualcomm Snapdragon 710 @ 1.7 GHz",380,Xiaomi,8,SE,,Mi 8 SE ,Mi,,,,
113,"Xiaomi Mi 9 Lite


Qualcomm Snapdragon 710 @ 1.7 GHz",378,Xiaomi,9,Lite,,Mi 9 Lite ,Mi,,,,
114,"Essential PH-1


Qualcomm Snapdragon 835 @ 1.9 GHz",377,Essential,,,,PH-1   ,PH-1,,,,
115,"Huawei Honor 8 Pro


Hisilicon Kirin 960 @ 1.8 GHz",377,Huawei,8,Pro,,Honor 8 Pro ,Honor,,,,
116,"Sony Xperia XZ1 Compact


Qualcomm Snapdragon 835 @ 1.9 GHz",377,Sony,XZ1,Compact,,Xperia XZ1 Compact ,Xperia,,,,
117,"Huawei Honor V9


Hisilicon Kirin 960 @ 1.8 GHz",376,Huawei,V9,,,Honor V9  ,Honor,,,,
118,"Huawei Honor 9


Hisilicon Kirin 960 @ 1.8 GHz",376,Huawei,9,,,Honor 9  ,Honor,,,,
119,"Huawei P10


Hisilicon Kirin 960 @ 1.8 GHz",375,Huawei,,,,P10   ,P10,,,,
120,"ZTE Nubia Z17


Qualcomm Snapdragon 835 @ 1.9 GHz",375,ZTE,Z17,,,Nubia Z17  ,Nubia,,,,
121,"Motorola Moto Z2 Force


Qualcomm Snapdragon 835 @ 1.9 GHz",375,Motorola,Z2,Force,,Moto Z2 Force ,Moto,,,,
122,"Huawei Mate 9


Hisilicon Kirin 960 @ 1.8 GHz",374,Huawei,9,,,Mate 9  ,Mate,,,,
123,"Nokia 8


Qualcomm Snapdragon 835 @ 1.9 GHz",374,Nokia,,,,8,8,,,,
124,"Huawei P10 Plus


Hisilicon Kirin 960 @ 1.8 GHz",373,Huawei,Plus,,,P10 Plus  ,P10,,,,
125,"Huawei Honor V8 Max


HiSilicon Kirin 955 @ 1.8 GHz",373,Huawei,V8,Max,,Honor V8 Max ,Honor,,,,
126,"Xiaomi Mi Mix 2


Qualcomm Snapdragon 835 @ 1.9 GHz",370,Xiaomi,Mix,2,,Mi Mix 2 ,Mi,,,,
127,"Sony Xperia XZ Premium


Qualcomm Snapdragon 835 @ 1.9 GHz",368,Sony,XZ,Premium,,Xperia XZ Premium ,Xperia,,,,
128,"Meizu 15 Plus


Samsung Exynos 8895 Octa @ 1.7 GHz",367,Meizu,Plus,,,15 Plus  ,15,,,,
129,"Huawei Honor V8


HiSilicon Kirin 950 @ 1.8 GHz",365,Huawei,V8,,,Honor V8  ,Honor,,,,
130,"Sony Xperia XZ1


Qualcomm Snapdragon 835 @ 1.9 GHz",364,Sony,XZ1,,,Xperia XZ1  ,Xperia,,,,
131,"Xiaomi MI 6


Qualcomm Snapdragon 835 @ 1.9 GHz",363,Xiaomi,6,,,MI 6  ,MI,,,,
132,"LG V30


Qualcomm Snapdragon 835 @ 1.9 GHz",361,LG,,,,V30   ,V30,,,,
368,"Samsung Galaxy S5 Duos


Qualcomm MSM8974AC Snapdragon 801 @ 2.5 GHz",159,Samsung,S5,Duos,,Galaxy S5 Duos ,Galaxy,,,,
376,"Samsung Galaxy S5


Qualcomm MSM8974AC Snapdragon 801 @ 2.5 GHz",151,Samsung,S5,,,Galaxy S5  ,Galaxy,,,,
444,"Samsung Galaxy S5 Neo


Samsung Exynos 7580 Octa @ 1.6 GHz",108,Samsung,S5,Neo,,Galaxy S5 Neo ,Galaxy,,,,
495,"Samsung Galaxy S5 Mini


Samsung Exynos 3470 @ 1.4 GHz",73,Samsung,S5,Mini,,Galaxy S5 Mini ,Galaxy,,,,
137,"Vivo S1


Mediatek MT6768 Helio P65 @ 1.7 GHz",350,Vivo,,,,S1   ,S1,,,,
138,"Google Pixel 2


Qualcomm Snapdragon 835 @ 1.9 GHz",349,Google,2,,,Pixel 2  ,Pixel,,,,
139,"Google Pixel 2 XL


Qualcomm Snapdragon 835 @ 1.9 GHz",346,Google,2,XL,,Pixel 2 XL ,Pixel,,,,
140,"Vivo S1


Mediatek MT6768 Helio P65 @ 1.7 GHz",346,Vivo,,,,S1   ,S1,,,,
141,"Huawei Honor View 10


HiSilicon Kirin 970 @ 1.8 GHz",345,Huawei,View,10,,Honor View 10 ,Honor,,,,
379,"Samsung Galaxy S4


Qualcomm Snapdragon 800 @ 2.3 GHz",150,Samsung,S4,,,Galaxy S4  ,Galaxy,,,,
406,"Samsung Galaxy S4


Exynos 5 Octa 5410 @ 1.6 GHz",130,Samsung,S4,,,Galaxy S4  ,Galaxy,,,,
144,"Google Pixel 3a XL


Qualcomm Snapdragon 670 @ 1.7 GHz",341,Google,3a,XL,,Pixel 3a XL ,Pixel,,,,
455,"Samsung Galaxy S4


Qualcomm Snapdragon 600 @ 1.9 GHz",105,Samsung,S4,,,Galaxy S4  ,Galaxy,,,,
463,"Samsung Galaxy S4 Mini


Qualcomm Snapdragon 400 @ 1.7 GHz",102,Samsung,S4,Mini,,Galaxy S4 Mini ,Galaxy,,,,
147,"Google Pixel 3a


Qualcomm Snapdragon 670 @ 1.7 GHz",336,Google,3a,,,Pixel 3a  ,Pixel,,,,
472,"Samsung Galaxy S4 Value Edition


Qualcomm Snapdragon 600 @ 1.9 GHz",98,Samsung,S4,Value,Edition,Galaxy S4 Value Edition,Galaxy,,,,
497,"Samsung Galaxy S3 Neo


Qualcomm MSM8226 Snapdragon 400 @ 1.4 GHz",67,Samsung,S3,Neo,,Galaxy S3 Neo ,Galaxy,,,,
150,"Huawei MediaPad M3 8.4


HiSilicon Kirin 950 @ 1.8 GHz",334,Huawei,M3,8.4,,MediaPad M3 8.4 ,MediaPad,,,,
151,"Smartisan Nut Pro 2


Qualcomm Snapdragon 660 @ 1.8 GHz",334,Smartisan,Pro,2,,Nut Pro 2 ,Nut,,,,
152,"Huawei Honor 8X


HiSilicon Kirin 710 @ 1.7 GHz",333,Huawei,8X,,,Honor 8X  ,Honor,,,,
153,"Huawei P9


HiSilicon Kirin 955 @ 1.8 GHz",332,Huawei,,,,P9   ,P9,,,,
154,"Huawei P9 Plus


HiSilicon Kirin 955 @ 1.8 GHz",332,Huawei,Plus,,,P9 Plus  ,P9,,,,
155,"Huawei Mate 20 lite


HiSilicon Kirin 710 @ 1.7 GHz",332,Huawei,20,lite,,Mate 20 lite ,Mate,,,,
156,"Xiaomi Mi Pad 4


Qualcomm Snapdragon 660 @ 1.8 GHz",332,Xiaomi,Pad,4,,Mi Pad 4 ,Mi,,,,
157,"Huawei Honor 8


HiSilicon Kirin 950 @ 1.8 GHz",331,Huawei,8,,,Honor 8  ,Honor,,,,
158,"Xiaomi Mi A2


Qualcomm Snapdragon 660 @ 1.8 GHz",331,Xiaomi,A2,,,Mi A2  ,Mi,,,,
159,"Xiaomi Redmi Note 7


Qualcomm Snapdragon 660 @ 1.8 GHz",331,Xiaomi,Note,7,,Redmi Note 7 ,Redmi,,,,
160,"Huawei Honor 8X


HiSilicon Kirin 710 @ 1.7 GHz",331,Huawei,8X,,,Honor 8X  ,Honor,,,,
161,"Huawei Mate 8


HiSilicon Kirin 950 @ 1.8 GHz",330,Huawei,8,,,Mate 8  ,Mate,,,,
4,"Samsung Galaxy S20+ 5G


Qualcomm Snapdragon 865 @ 1.8 GHz",829,Samsung,S20+,5G,,Galaxy S20+ 5G ,Galaxy,,,,
163,"Xiaomi Redmi Note 7S


Qualcomm Snapdragon 660 @ 1.8 GHz",330,Xiaomi,Note,7S,,Redmi Note 7S ,Redmi,,,,
164,"Nokia 7 Plus


Qualcomm Snapdragon 660 @ 1.8 GHz",329,Nokia,Plus,,,7 Plus  ,7,,,,
165,"Xiaomi Mi 8 Lite


Qualcomm Snapdragon 660 @ 1.8 GHz",329,Xiaomi,8,Lite,,Mi 8 Lite ,Mi,,,,
166,"Xiaomi Mi Note 3


Qualcomm Snapdragon 660 @ 1.8 GHz",328,Xiaomi,Note,3,,Mi Note 3 ,Mi,,,,
167,"Huawei Honor 10


HiSilicon Kirin 970 @ 1.8 GHz",328,Huawei,10,,,Honor 10  ,Honor,,,,
168,"Motorola One Action


Samsung Exynos 9609 @ 1.6 GHz",328,Motorola,Action,,,One Action  ,One,,,,
169,"Xiaomi Mi A2


Qualcomm Snapdragon 660 @ 1.8 GHz",327,Xiaomi,A2,,,Mi A2  ,Mi,,,,
170,"Huawei nova 3i


HiSilicon Kirin 710 @ 1.7 GHz",327,Huawei,3i,,,nova 3i  ,nova,,,,
171,"Huawei Y9 (2019)


HiSilicon Kirin 710 @ 1.7 GHz",327,Huawei,-2019,,,Y9 -2019  ,Y9,,,,
172,"Huawei P Smart Z


HiSilicon Kirin 710F @ 1.7 GHz",324,Huawei,Smart,Z,,P Smart Z ,P,,,,
173,"Huawei Honor 9X


HiSilicon Kirin 710F @ 1.7 GHz",322,Huawei,9X,,,Honor 9X  ,Honor,,,,
174,"Huawei Y9s


HiSilicon Kirin 710F @ 1.7 GHz",322,Huawei,,,,Y9s   ,Y9s,,,,
175,"Huawei Y9 Prime (2019)


HiSilicon Kirin 710F @ 1.7 GHz",322,Huawei,Prime,-2019,,Y9 Prime -2019 ,Y9,,,,
176,"Xiaomi Mi Note 2


Qualcomm MSM8996 Pro-AB Snapdragon 821 @ 2.2 GHz",319,Xiaomi,Note,2,,Mi Note 2 ,Mi,,,,
177,"OPPO R11


Qualcomm Snapdragon 660 @ 1.8 GHz",319,OPPO,,,,R11   ,R11,,,,
178,"HTC Nexus 9


NVIDIA Tegra K1 Denver @ 2.5 GHz",318,HTC,9,,,Nexus 9  ,Nexus,,,,
6,"Samsung Galaxy S20+


Samsung Exynos 990 @ 2.0 GHz",799,Samsung,S20+,,,Galaxy S20+  ,Galaxy,,,,
180,"ZTE Nubia Z17S


Qualcomm Snapdragon 835 @ 1.9 GHz",318,ZTE,Z17S,,,Nubia Z17S  ,Nubia,,,,
2,"Samsung Galaxy S20 Ultra 5G


Qualcomm Snapdragon 865 @ 1.8 GHz",845,Samsung,S20,Ultra,5G,Galaxy S20 Ultra 5G,Galaxy,,,,
3,"Samsung Galaxy S20 5G


Qualcomm Snapdragon 865 @ 1.8 GHz",830,Samsung,S20,5G,,Galaxy S20 5G ,Galaxy,,,,
183,"Xiaomi MI 5s Plus


Qualcomm MSM8996 Pro-AB Snapdragon 821 @ 2.2 GHz",315,Xiaomi,5s,Plus,,MI 5s Plus ,MI,,,,
184,"Huawei Mate 9 Pro


Hisilicon Kirin 960 @ 1.8 GHz",315,Huawei,9,Pro,,Mate 9 Pro ,Mate,,,,
185,"Xiaomi Mi Pad 3


Mediatek MT8176 @ 1.7 GHz",314,Xiaomi,Pad,3,,Mi Pad 3 ,Mi,,,,
186,"Huawei P30 lite


HiSilicon Kirin 710 @ 1.7 GHz",314,Huawei,lite,,,P30 lite  ,P30,,,,
5,"Samsung Galaxy S20 Ultra


Samsung Exynos 990 @ 2.0 GHz",810,Samsung,S20,Ultra,,Galaxy S20 Ultra ,Galaxy,,,,
188,"ZTE Axon 7


Qualcomm Snapdragon 820 @ 1.6 GHz",311,ZTE,7,,,Axon 7  ,Axon,,,,
189,"Lenovo ZUK Z2 Pro


Qualcomm Snapdragon 820 @ 1.6 GHz",311,Lenovo,Z2,Pro,,ZUK Z2 Pro ,ZUK,,,,
190,"Asus Zenpad 3S 10


Mediatek MT8176 @ 1.7 GHz",311,Asus,3S,10,,Zenpad 3S 10 ,Zenpad,,,,
191,"Huawei P smart 2019


HiSilicon Kirin 710 @ 1.7 GHz",311,Huawei,smart,2019,,P smart 2019 ,P,,,,
192,"Huawei Honor 10 Lite


HiSilicon Kirin 710 @ 1.7 GHz",311,Huawei,10,Lite,,Honor 10 Lite ,Honor,,,,
193,"LG G5


Qualcomm Snapdragon 820 @ 1.6 GHz",309,LG,,,,G5   ,G5,,,,
194,"OnePlus 3T


Qualcomm Snapdragon 821 @ 2.2 GHz",309,OnePlus,,,,3T   ,3T,,,,
195,"Google Pixel XL


Qualcomm MSM8996 Pro-AB Snapdragon 821 @ 1.6 GHz",308,Google,XL,,,Pixel XL  ,Pixel,,,,
196,"Xiaomi Mi A3


Qualcomm Snapdragon 665 @ 1.8 GHz",308,Xiaomi,A3,,,Mi A3  ,Mi,,,,
197,"Oppo F11 Pro


Mediatek Helio P70 @ 2.0 GHz",308,Oppo,Pro,,,F11 Pro  ,F11,,,,
198,"Xiaomi Mi Mix


Qualcomm MSM8996 Pro-AB Snapdragon 821 @ 2.2 GHz",307,Xiaomi,Mix,,,Mi Mix  ,Mi,,,,
7,"Samsung Galaxy S20


Samsung Exynos 990 @ 2.0 GHz",770,Samsung,S20,,,Galaxy S20  ,Galaxy,,,,
200,"Xiaomi Redmi Note 8


Qualcomm Snapdragon 665 @ 1.8 GHz",307,Xiaomi,Note,8,,Redmi Note 8 ,Redmi,,,,
201,"Xiaomi Redmi Note 8T


Qualcomm Snapdragon 665 @ 1.8 GHz",307,Xiaomi,Note,8T,,Redmi Note 8T ,Redmi,,,,
202,"OnePlus 3


Qualcomm Snapdragon 820 @ 1.6 GHz",306,OnePlus,,,,3,3,,,,
203,"Google Pixel


Qualcomm MSM8996 Pro-AB Snapdragon 821 @ 1.6 GHz",306,Google,,,,Pixel   ,Pixel,,,,
204,"Qihoo 360 N6 Pro


Qualcomm Snapdragon 660 @ 1.8 GHz",306,Qihoo,N6,Pro,,360 N6 Pro ,360,,,,
205,"Realme 5


Qualcomm Snapdragon 665 @ 1.8 GHz",306,Realme,,,,5,5,,,,
206,"Xiaomi Mi 5


Qualcomm Snapdragon 820 @ 1.6 GHz",304,Xiaomi,5,,,Mi 5  ,Mi,,,,
207,"Xiaomi MI 5s


Qualcomm MSM8996 Pro-AB Snapdragon 821 @ 2.0 GHz",303,Xiaomi,5s,,,MI 5s  ,MI,,,,
208,"Lenovo ZUK Z2


Qualcomm Snapdragon 820 @ 1.6 GHz",301,Lenovo,Z2,,,ZUK Z2  ,ZUK,,,,
209,"HTC U Ultra


Qualcomm Snapdragon 821 @ 2.0 GHz",299,HTC,Ultra,,,U Ultra  ,U,,,,
210,"Realme 3


Mediatek Helio P70 @ 2.0 GHz",299,Realme,,,,3,3,,,,
27,"Samsung Galaxy S10e


Samsung Exynos 9820 @ 2.0 GHz",716,Samsung,S10e,,,Galaxy S10e  ,Galaxy,,,,
37,"Samsung Galaxy S10e


Qualcomm Snapdragon 855 @ 1.8 GHz",690,Samsung,S10e,,,Galaxy S10e  ,Galaxy,,,,
18,"Samsung Galaxy S10+


Samsung Exynos 9820 @ 2.0 GHz",735,Samsung,S10+,,,Galaxy S10+  ,Galaxy,,,,
214,"Meizu Pro 7 Plus


Mediatek MT6799 Helio X30 @ 1.9 GHz",293,Meizu,7,Plus,,Pro 7 Plus ,Pro,,,,
215,"Meizu Pro 7


Mediatek MT6799 Helio X30 @ 1.9 GHz",292,Meizu,7,,,Pro 7  ,Pro,,,,
216,"LeEco Le Max 2


Qualcomm Snapdragon 820 @ 1.6 GHz",290,LeEco,Max,2,,Le Max 2 ,Le,,,,
217,"Meizu PRO 6 Plus


Samsung Exynos 8890 @ 1.5 GHz",290,Meizu,6,Plus,,PRO 6 Plus ,PRO,,,,
218,"Asus Zenfone Max Pro (M2)


Qualcomm Snapdragon 660 @ 1.8 GHz",290,Asus,Max,Pro,(M2),Zenfone Max Pro (M2),Zenfone,,,,
219,"Motorola Moto Z


Qualcomm Snapdragon 820 @ 1.6 GHz",289,Motorola,Z,,,Moto Z  ,Moto,,,,
220,"Oppo F7


Mediatek MT6771 Helio P60 @ 2.0 GHz",287,Oppo,,,,F7   ,F7,,,,
221,"Realme 3


Mediatek MT6771 Helio P60 @ 2.0 GHz",287,Realme,,,,3,3,,,,
222,"Oppo F9 Pro


Mediatek MT6771 Helio P60 @ 2.0 GHz",286,Oppo,Pro,,,F9 Pro  ,F9,,,,
33,"Samsung Galaxy S10+


Qualcomm Snapdragon 855 @ 1.8 GHz",695,Samsung,S10+,,,Galaxy S10+  ,Galaxy,,,,
224,"LeEco Le Pro3


Qualcomm MSM8996 Pro-AB Snapdragon 821 @ 2.2 GHz",283,LeEco,Pro3,,,Le Pro3  ,Le,,,,
225,"LG V20


Qualcomm Snapdragon 820 @ 1.6 GHz",283,LG,,,,V20   ,V20,,,,
226,"Sony Xperia XZs


Qualcomm Snapdragon 820 @ 1.6 GHz",283,Sony,XZs,,,Xperia XZs  ,Xperia,,,,
227,"Oppo F9


Mediatek MT6771 Helio P60 @ 2.0 GHz",283,Oppo,,,,F9   ,F9,,,,
228,"ZTE Nubia Z11


Qualcomm Snapdragon 820 @ 1.6 GHz",282,ZTE,Z11,,,Nubia Z11  ,Nubia,,,,
229,"Asus Zenfone 5 Max


Qualcomm Snapdragon 660 @ 1.6 GHz",282,Asus,5,Max,,Zenfone 5 Max ,Zenfone,,,,
230,"Meizu S6


Samsung Exynos 7885 Octa @ 1.6 GHz",282,Meizu,,,,S6   ,S6,,,,
231,"Oppo Realme 1


Mediatek MT6771 Helio P60 @ 2.0 GHz",282,Oppo,1,,,Realme 1  ,Realme,,,,
232,"NVIDIA SHIELD Android TV


NVIDIA Tegra X1 @ 2.0 GHz",282,NVIDIA,Android,TV,,SHIELD Android TV ,SHIELD,,,,
233,"HTC 10


Qualcomm Snapdragon 820 @ 1.6 GHz",281,HTC,,,,10,10,,,,
234,"Sony Xperia XZ


Qualcomm Snapdragon 820 @ 1.6 GHz",281,Sony,XZ,,,Xperia XZ  ,Xperia,,,,
235,"Sony Xperia X Performance


Qualcomm Snapdragon 820 @ 1.6 GHz",280,Sony,X,Performance,,Xperia X Performance ,Xperia,,,,
236,"Asus Zenpad Z10


Qualcomm Snapdragon 650 @ 1.4 GHz",276,Asus,Z10,,,Zenpad Z10  ,Zenpad,,,,
237,"Asus ZenFone Max Pro (M1)


Qualcomm Snapdragon 636 @ 1.6 GHz",274,Asus,Max,Pro,(M1),ZenFone Max Pro (M1),ZenFone,,,,
238,"Xiaomi Redmi Note 5 Pro


Qualcomm Snapdragon 636 @ 1.6 GHz",273,Xiaomi,Note,5,Pro,Redmi Note 5 Pro,Redmi,,,,
239,"Xiaomi Mi Max 3


Qualcomm Snapdragon 636 @ 1.6 GHz",273,Xiaomi,Max,3,,Mi Max 3 ,Mi,,,,
240,"LG G6


Qualcomm MSM8996 Pro-AB Snapdragon 821 @ 2.2 GHz",272,LG,,,,G6   ,G6,,,,
241,"Asus Zenfone Max Pro (M1)


Qualcomm Snapdragon 636 @ 1.6 GHz",272,Asus,Max,Pro,(M1),Zenfone Max Pro (M1),Zenfone,,,,
242,"Xiaomi Redmi Note 5 AI


Qualcomm Snapdragon 636 @ 1.6 GHz",272,Xiaomi,Note,5,AI,Redmi Note 5 AI,Redmi,,,,
243,"Xiaomi Redmi Note 6 Pro


Qualcomm Snapdragon 636 @ 1.6 GHz",271,Xiaomi,Note,6,Pro,Redmi Note 6 Pro,Redmi,,,,
244,"Sony Xperia X


Qualcomm Snapdragon 650 @ 1.4 GHz",269,Sony,X,,,Xperia X  ,Xperia,,,,
245,"Nokia 6.1 Plus


Qualcomm Snapdragon 636 @ 1.6 GHz",269,Nokia,Plus,,,6.1 Plus  ,6.1,,,,
246,"UMi Z Pro


Mediatek Helio X27 @ 1.5 GHz",268,UMi,Pro,,,Z Pro  ,Z,,,,
247,"Sony Xperia X Compact


Qualcomm Snapdragon 650 @ 1.4 GHz",267,Sony,X,Compact,,Xperia X Compact ,Xperia,,,,
248,"Motorola Moto G7 Power


Qualcomm Snapdragon 632 @ 1.8 GHz",267,Motorola,G7,Power,,Moto G7 Power ,Moto,,,,
249,"Motorola Moto G7


Qualcomm Snapdragon 632 @ 1.8 GHz",267,Motorola,G7,,,Moto G7  ,Moto,,,,
8,"Samsung Galaxy S10 5G


Samsung Exynos 9820 @ 2.0 GHz",760,Samsung,S10,5G,,Galaxy S10 5G ,Galaxy,,,,
251,"UMi Z


Mediatek Helio X27 @ 1.5 GHz",265,UMi,,,,Z   ,Z,,,,
252,"LeEco Le 2


Qualcomm Snapdragon 652 @ 1.4 GHz",264,LeEco,2,,,Le 2  ,Le,,,,
253,"Google Pixel C


NVIDIA Tegra X1 @ 1.9 GHz",261,Google,C,,,Pixel C  ,Pixel,,,,
254,"Xiaomi Redmi 7


Qualcomm Snapdragon 632 @ 1.8 GHz",261,Xiaomi,7,,,Redmi 7  ,Redmi,,,,
12,"Samsung Galaxy S10


Samsung Exynos 9820 @ 2.0 GHz",754,Samsung,S10,,,Galaxy S10  ,Galaxy,,,,-2016
35,"Samsung Galaxy S10


Qualcomm Snapdragon 855 @ 1.8 GHz",693,Samsung,S10,,,Galaxy S10  ,Galaxy,,,,
52,"Samsung Galaxy S10 Lite


Qualcomm Snapdragon 855 @ 1.8 GHz",670,Samsung,S10,Lite,,Galaxy S10 Lite ,Galaxy,,,,
500,"Samsung Galaxy S III


Qualcomm Snapdragon S4 MSM8960 @ 1.5 GHz",62,Samsung,S,III,,Galaxy S III ,Galaxy,,,,
259,"LeEco Coolpad Cool1 dual


Qualcomm Snapdragon 652 @ 1.4 GHz",257,LeEco,Cool1,dual,,Coolpad Cool1 dual ,Coolpad,,,,
282,"Samsung Galaxy Note5 Duos


Samsung Exynos 7420 @ 1.5 GHz",231,Samsung,Note5,Duos,,Galaxy Note5 Duos ,Galaxy,,,,
261,"Xiaomi Redmi Note 3


Qualcomm Snapdragon 650 @ 1.4 GHz",256,Xiaomi,Note,3,,Redmi Note 3 ,Redmi,,,,
14,"Samsung Galaxy Note10+ 5G


Samsung Exynos 9825 @ 2.0 GHz",748,Samsung,Note10+,5G,,Galaxy Note10+ 5G ,Galaxy,,,,
263,"Xiaomi MI MAX


Qualcomm Snapdragon 650 @ 1.4 GHz",254,Xiaomi,MAX,,,MI MAX  ,MI,,,,
34,"Samsung Galaxy Note10+ 5G


Qualcomm Snapdragon 855 @ 1.8 GHz",695,Samsung,Note10+,5G,,Galaxy Note10+ 5G ,Galaxy,,,,
265,"Sony Xperia Z4 Tablet (Wi-Fi)


Qualcomm Snapdragon 810 @ 1.6 GHz",254,Sony,Z4,Tablet,(Wi-Fi),Xperia Z4 Tablet (Wi-Fi),Xperia,,,,
266,"Asus Zenfone 3 Ultra


Qualcomm Snapdragon 652 @ 1.4 GHz",253,Asus,3,Ultra,,Zenfone 3 Ultra ,Zenfone,,,,
36,"Samsung Galaxy Note10+


Qualcomm Snapdragon 855 @ 1.8 GHz",691,Samsung,Note10+,,,Galaxy Note10+  ,Galaxy,,,,
58,"Samsung Galaxy Note10+


Samsung Exynos 9825 @ 2.0 GHz",656,Samsung,Note10+,,,Galaxy Note10+  ,Galaxy,,,,
269,"Asus Zenpad Z8


Qualcomm Snapdragon 650 @ 1.4 GHz",250,Asus,Z8,,,Zenpad Z8  ,Zenpad,,,,
270,"Elephone S8


Mediatek MT6797T Helio X25 @ 2.0 GHz",250,Elephone,,,,S8   ,S8,,,,
32,"Samsung Galaxy Note10 5G


Samsung Exynos 9825 @ 2.0 GHz",697,Samsung,Note10,5G,,Galaxy Note10 5G ,Galaxy,,,,
46,"Samsung Galaxy Note10


Qualcomm Snapdragon 855 @ 1.8 GHz",684,Samsung,Note10,,,Galaxy Note10  ,Galaxy,,,,
273,"ZTE Nubia Z17 Mini


Qualcomm Snapdragon 652 @ 1.4 GHz",243,ZTE,Z17,Mini,,Nubia Z17 Mini ,Nubia,,,,
69,"Samsung Galaxy Note10 Lite


Samsung Exynos 9810 @ 1.8 GHz",517,Samsung,Note10,Lite,,Galaxy Note10 Lite ,Galaxy,,,,
275,"Motorola Moto X Force


Qualcomm Snapdragon 810 @ 1.6 GHz",239,Motorola,X,Force,,Moto X Force ,Moto,,,,
276,"Meizu PRO 5


Samsung Exynos 7420 @ 1.5 GHz",237,Meizu,5,,,PRO 5  ,PRO,,,,
277,"Lenovo Yogabook YB1-X90F


Intel Atom x5-Z8550 @ 2.4 GHz",237,Lenovo,YB1-X90F,,,Yogabook YB1-X90F  ,Yogabook,,,,
278,"Sony Xperia Z4


Qualcomm Snapdragon 810 @ 1.6 GHz",234,Sony,Z4,,,Xperia Z4  ,Xperia,,,,
62,"Samsung Galaxy Note 9


Samsung Exynos 9810 @ 1.8 GHz",582,Samsung,Note,9,,Galaxy Note 9 ,Galaxy,,,,
280,"Sony Xperia Z5 Compact


Qualcomm Snapdragon 810 @ 1.6 GHz",232,Sony,Z5,Compact,,Xperia Z5 Compact ,Xperia,,,,
84,"Samsung Galaxy Note 9


Qualcomm Snapdragon 845 @ 1.8 GHz",480,Samsung,Note,9,,Galaxy Note 9 ,Galaxy,,,,
133,"Samsung Galaxy Note 8


Samsung Exynos 8895 Octa @ 1.7 GHz",360,Samsung,Note,8,,Galaxy Note 8 ,Galaxy,,,,
143,"Samsung Galaxy Note 8


Qualcomm Snapdragon 835 @ 1.9 GHz",341,Samsung,Note,8,,Galaxy Note 8 ,Galaxy,,,,
284,"HTC One M9


Qualcomm Snapdragon 810 @ 1.6 GHz",230,HTC,M9,,,One M9  ,One,,,,
285,"Samsung Galaxy Note 5


Samsung Exynos 7420 @ 1.5 GHz",230,Samsung,Note,5,,Galaxy Note 5 ,Galaxy,,,,
286,"Lenovo Yoga Tab 3 Plus


Qualcomm Snapdragon 625 @ 1.4 GHz",230,Lenovo,Tab,3,Plus,Yoga Tab 3 Plus,Yoga,,,,
384,"Samsung Galaxy Note 3


Qualcomm Snapdragon 800 @ 2.3 GHz",147,Samsung,Note,3,,Galaxy Note 3 ,Galaxy,,,,
288,"Sony Xperia Z5 Premium


Qualcomm Snapdragon 810 @ 1.6 GHz",227,Sony,Z5,Premium,,Xperia Z5 Premium ,Xperia,,,,
289,"Motorola Moto X Style


Qualcomm Snapdragon 808 @ 1.4 GHz",226,Motorola,X,Style,,Moto X Style ,Moto,,,,
290,"Meizu MX6


Mediatek MT6797 Helio X20 @ 1.4 GHz",224,Meizu,,,,MX6   ,MX6,,,,
291,"Sony Xperia Z5 Dual


Qualcomm Snapdragon 810 @ 1.6 GHz",224,Sony,Z5,Dual,,Xperia Z5 Dual ,Xperia,,,,
292,"LG G5 SE


Qualcomm Snapdragon 652 @ 1.4 GHz",224,LG,SE,,,G5 SE  ,G5,,,,
182,"Samsung Galaxy M30s


Samsung Exynos 9611 @ 1.7 GHz",316,Samsung,M30s,,,Galaxy M30s  ,Galaxy,,,,
294,"Sony Xperia Z5


Qualcomm Snapdragon 810 @ 1.6 GHz",220,Sony,Z5,,,Xperia Z5  ,Xperia,,,,
295,"Xiaomi Mi Note Pro


Qualcomm Snapdragon 810 @ 1.6 GHz",218,Xiaomi,Note,Pro,,Mi Note Pro ,Mi,,,,
257,"Samsung Galaxy M20


Samsung Exynos 7904 @ 1.6 GHz",258,Samsung,M20,,,Galaxy M20  ,Galaxy,,,,
297,"Lenovo K8 Note


Mediatek Helio X23 @ 1.4 GHz",214,Lenovo,Note,,,K8 Note  ,K8,,,,
298,"Sony Xperia Z5 Compact


Qualcomm Snapdragon 810 @ 1.6 GHz",213,Sony,Z5,Compact,,Xperia Z5 Compact ,Xperia,,,,
299,"NVIDIA SHIELD Tablet


NVIDIA Tegra K1 @ 2.2 GHz",209,NVIDIA,Tablet,,,SHIELD Tablet  ,SHIELD,,,,
300,"Huawei Nexus 6P


Qualcomm Snapdragon 810 @ 1.6 GHz",205,Huawei,6P,,,Nexus 6P  ,Nexus,,,,
301,"Sony Xperia Z3+


Qualcomm Snapdragon 810 @ 1.6 GHz",204,Sony,Z3+,,,Xperia Z3+  ,Xperia,,,,
302,"Sony Xperia Z5 Premium Dual


Qualcomm Snapdragon 810 @ 1.6 GHz",204,Sony,Z5,Premium,Dual,Xperia Z5 Premium Dual,Xperia,,,,
303,"NVIDIA SHIELD Tablet K1


NVIDIA Tegra K1 @ 2.2 GHz",204,NVIDIA,Tablet,K1,,SHIELD Tablet K1 ,SHIELD,,,,
304,"BQ Aquaris X5 Plus


Qualcomm Snapdragon 652 @ 1.4 GHz",203,BQ,X5,Plus,,Aquaris X5 Plus ,Aquaris,,,,
420,"Samsung Galaxy J7 Max


Mediatek Helio P20 MT6757 @ 1.7 GHz",123,Samsung,J7,Max,,Galaxy J7 Max ,Galaxy,,,,
306,"OnePlus 2


Qualcomm Snapdragon 810 @ 1.6 GHz",200,OnePlus,,,,2,2,,,,
307,"Huawei Mate SE


HiSilicon Kirin 659 @ 1.7 GHz",192,Huawei,SE,,,Mate SE  ,Mate,,,,
308,"Huawei Nova 2 Plus


HiSilicon Kirin 659 @ 1.7 GHz",191,Huawei,2,Plus,,Nova 2 Plus ,Nova,,,,
309,"Huawei Honor 7X


HiSilicon Kirin 659 @ 1.7 GHz",190,Huawei,7X,,,Honor 7X  ,Honor,,,,
310,"Huawei Honor 9 Lite


HiSilicon Kirin 659 @ 1.7 GHz",190,Huawei,9,Lite,,Honor 9 Lite ,Honor,,,,
311,"Huawei Nova 2


HiSilicon Kirin 659 @ 1.7 GHz",190,Huawei,2,,,Nova 2  ,Nova,,,,
312,"Huawei P20 Lite


HiSilicon Kirin 659 @ 1.7 GHz",189,Huawei,Lite,,,P20 Lite  ,P20,,,,
313,"Huawei P Smart


HiSilicon Kirin 659 @ 1.7 GHz",189,Huawei,Smart,,,P Smart  ,P,,,,
314,"Huawei Mate 10 Lite


HiSilicon Kirin 659 @ 1.7 GHz",188,Huawei,10,Lite,,Mate 10 Lite ,Mate,,,,
315,"Huawei P10 Lite


HiSilicon Kirin 658 @ 1.7 GHz",184,Huawei,Lite,,,P10 Lite  ,P10,,,,
316,"Vivo V9


Qualcomm Snapdragon 626 @ 2.2 GHz",184,Vivo,,,,V9   ,V9,,,,
317,"Vernee Mix 2


Mediatek MT6757 Helio P25 @ 1.7 GHz",184,Vernee,2,,,Mix 2  ,Mix,,,,
318,"Smartron srt.phone


Qualcomm Snapdragon 652 @ 1.4 GHz",184,Smartron,,,,srt.phone   ,srt.phone,,,,
319,"Huawei Nova 2i


HiSilicon Kirin 659 @ 1.7 GHz",183,Huawei,2i,,,Nova 2i  ,Nova,,,,
320,"BQ Aquaris X


Qualcomm Snapdragon 626 @ 2.2 GHz",182,BQ,X,,,Aquaris X  ,Aquaris,,,,
321,"10.or G


Qualcomm Snapdragon 626 @ 2.2 GHz",182,10.or,,,,G   ,G,,,,
322,"BQ Aquaris X Pro


Qualcomm Snapdragon 626 @ 2.2 GHz",181,BQ,X,Pro,,Aquaris X Pro ,Aquaris,,,,
323,"Blackview BV8000 Pro


Mediatek MT6757 Helio P25 @ 1.7 GHz",180,Blackview,Pro,,,BV8000 Pro  ,BV8000,,,,
324,"Nextbit Robin


Qualcomm Snapdragon 808 @ 1.4 GHz",179,Nextbit,,,,Robin   ,Robin,,,,
325,"Vernee Mars Pro


Mediatek MT6757 Helio P25 @ 1.7 GHz",179,Vernee,Pro,,,Mars Pro  ,Mars,,,,
326,"Asus Zenfone 2 


Intel Atom Z2560 @ 2.3 GHz",179,Asus,2,,,Zenfone 2  ,Zenfone,,,,
327,"Doogee Mix


Mediatek MT6757 Helio P25 @ 1.7 GHz",176,Doogee,,,,Mix   ,Mix,,,,
429,"Samsung Galaxy J7 (2017)


Samsung Exynos 7870 Octa @ 1.6 GHz",118,Samsung,J7,-2017,,Galaxy J7 -2017 ,Galaxy,,,,
329,"Maze Alpha


Mediatek MT6757 Helio P25 @ 1.7 GHz",175,Maze,,,,Alpha   ,Alpha,,,,
330,"Lenovo Tab3 8 Plus


Qualcomm Snapdragon 625 @ 2.0 GHz",175,Lenovo,8,Plus,,Tab3 8 Plus ,Tab3,,,,
331,"Motorola Moto X4


Qualcomm Snapdragon 630 @ 2.2 GHz",174,Motorola,X4,,,Moto X4  ,Moto,,,,
332,"Nokia 6.1


Qualcomm Snapdragon 630 @ 2.2 GHz",174,Nokia,,,,6.1,6.1,,,,
333,"HTC 10 evo


Qualcomm Snapdragon 810 @ 1.6 GHz",174,HTC,evo,,,10 evo  ,10,,,,
334,"Motorola Moto G6 Plus


Qualcomm Snapdragon 630 @ 2.2 GHz",174,Motorola,G6,Plus,,Moto G6 Plus ,Moto,,,,
335,"Lenovo K8 Plus


Mediatek MT6757 Helio P25 @ 1.7 GHz",172,Lenovo,Plus,,,K8 Plus  ,K8,,,,
336,"Asus Zenfone 4


Qualcomm Snapdragon 630 @ 2.2 GHz",172,Asus,4,,,Zenfone 4  ,Zenfone,,,,
337,"Bluboo S1


Mediatek MT6757 Helio P25 @ 1.7 GHz",172,Bluboo,,,,S1   ,S1,,,,
338,"Xiaomi Mi 4c


Qualcomm Snapdragon 808 @ 1.4 GHz",171,Xiaomi,4c,,,Mi 4c  ,Mi,,,,
339,"Xiaomi Redmi 4


Qualcomm Snapdragon 430 @ 2.0 GHz",171,Xiaomi,4,,,Redmi 4  ,Redmi,,,,
340,"Xiaomi Redmi 4 Prime


Qualcomm Snapdragon 625 @ 2.0 GHz",171,Xiaomi,4,Prime,,Redmi 4 Prime ,Redmi,,,,
341,"Huawei Honor 8 Lite


HiSilicon Kirin 655 @ 1.7 GHz",171,Huawei,8,Lite,,Honor 8 Lite ,Honor,,,,
434,"Samsung Galaxy J7 Pro


Samsung Exynos 7870 Octa @ 1.6 GHz",117,Samsung,J7,Pro,,Galaxy J7 Pro ,Galaxy,,,,
343,"Huawei P8 lite (2017)


HiSilicon Kirin 655 @ 1.7 GHz",170,Huawei,lite,-2017,,P8 lite -2017 ,P8,,,,
344,"Huawei Nova


Qualcomm Snapdragon 625 @ 2.0 GHz",170,Huawei,,,,Nova   ,Nova,,,,
345,"Vivo V5 Plus


Qualcomm Snapdragon 625 @ 2.0 GHz",170,Vivo,Plus,,,V5 Plus  ,V5,,,,
346,"Sharp Aquos S2


Qualcomm Snapdragon 630 @ 2.2 GHz",170,Sharp,S2,,,Aquos S2  ,Aquos,,,,
347,"Xiaomi Redmi Note 4X


Qualcomm Snapdragon 625 @ 2.0 GHz",169,Xiaomi,Note,4X,,Redmi Note 4X ,Redmi,,,,
348,"Lenovo P2


Qualcomm Snapdragon 625 @ 2.0 GHz",169,Lenovo,,,,P2   ,P2,,,,
349,"Xiaomi Mi Max 2


Qualcomm Snapdragon 625 @ 2.0 GHz",169,Xiaomi,Max,2,,Mi Max 2 ,Mi,,,,
350,"Huawei Nova Lite


HiSilicon Kirin 655 @ 1.7 GHz",169,Huawei,Lite,,,Nova Lite  ,Nova,,,,
351,"Huawei Nova Plus


Qualcomm Snapdragon 625 @ 2.0 GHz",169,Huawei,Plus,,,Nova Plus  ,Nova,,,,
352,"Doogee S60


Mediatek Helio P20 MT6757 @ 2.6 GHz",169,Doogee,,,,S60   ,S60,,,,
353,"LG Nexus 5X


Qualcomm Snapdragon 808 @ 1.4 GHz",168,LG,5X,,,Nexus 5X  ,Nexus,,,,
354,"Asus Zenfone 3


Qualcomm Snapdragon 625 @ 2.0 GHz",168,Asus,3,,,Zenfone 3  ,Zenfone,,,,
355,"Xiaomi Mi A1


Qualcomm Snapdragon 625 @ 2.0 GHz",168,Xiaomi,A1,,,Mi A1  ,Mi,,,,
356,"Meizu M6 Note


Qualcomm Snapdragon 625 @ 2.0 GHz",168,Meizu,Note,,,M6 Note  ,M6,,,,
436,"Samsung Galaxy J7


Qualcomm Snapdragon 617 @ 1.6 GHz",115,Samsung,J7,,,Galaxy J7  ,Galaxy,,,,
358,"Sony Xperia XA1 Ultra


Mediatek Helio P20 MT6757 @ 1.6 GHz",168,Sony,XA1,Ultra,,Xperia XA1 Ultra ,Xperia,,,,
359,"Asus Zenfone 3 Zoom


Qualcomm Snapdragon 625 @ 2.0 GHz",168,Asus,3,Zoom,,Zenfone 3 Zoom ,Zenfone,,,,
360,"Huawei P9 lite


HiSilicon Kirin 650 @ 1.7 GHz",167,Huawei,lite,,,P9 lite  ,P9,,,,
361,"Huawei Honor 6X


HiSilicon Kirin 655 @ 1.7 GHz",167,Huawei,6X,,,Honor 6X  ,Honor,,,,
362,"Sony Xperia XA1


Mediatek Helio P20 MT6757 @ 1.6 GHz",167,Sony,XA1,,,Xperia XA1  ,Xperia,,,,
363,"Huawei Mate 9 Lite


HiSilicon Kirin 655 @ 1.7 GHz",166,Huawei,9,Lite,,Mate 9 Lite ,Mate,,,,
364,"Huawei Honor 5c


HiSilicon Kirin 650 @ 1.7 GHz",165,Huawei,5c,,,Honor 5c  ,Honor,,,,
365,"LG V10


Qualcomm Snapdragon 808 @ 1.4 GHz",164,LG,,,,V10   ,V10,,,,
439,"Samsung Galaxy J7 Prime


Samsung Exynos 7870 Octa @ 1.6 GHz",113,Samsung,J7,Prime,,Galaxy J7 Prime ,Galaxy,,,,
440,"Samsung Galaxy J7 (2016)


Qualcomm Snapdragon 617 @ 1.6 GHz",113,Samsung,J7,-2016,,Galaxy J7 -2016 ,Galaxy,,,,
442,"Samsung Galaxy J7 Nxt


Samsung Exynos 7870 Octa @ 1.6 GHz",112,Samsung,J7,Nxt,,Galaxy J7 Nxt ,Galaxy,,,,
369,"Motorola Moto Z2 Play


Qualcomm Snapdragon 626 @ 2.2 GHz",157,Motorola,Z2,Play,,Moto Z2 Play ,Moto,,,,
370,"Xiaomi Mi Note


Qualcomm MSM8974AC Snapdragon 801 @ 2.5 GHz",156,Xiaomi,Note,,,Mi Note  ,Mi,,,,
371,"Motorola Moto X (2014)


Qualcomm MSM8974AC Snapdragon 801 @ 2.5 GHz",155,Motorola,X,-2014,,Moto X -2014 ,Moto,,,,
372,"Sony Xperia XA


Mediatek MT6755 Helio P10 @ 0 MHz",154,Sony,XA,,,Xperia XA  ,Xperia,,,,
373,"Sony Xperia XA Dual


Mediatek MT6755 Helio P10 @ 0 MHz",154,Sony,XA,Dual,,Xperia XA Dual ,Xperia,,,,
433,"Samsung Galaxy J5 (2017)


Samsung Exynos 7870 Octa @ 1.6 GHz",117,Samsung,J5,-2017,,Galaxy J5 -2017 ,Galaxy,,,,
375,"Lenovo ZUK Z1


Qualcomm MSM8974AC Snapdragon 801 @ 2.5 GHz",152,Lenovo,Z1,,,ZUK Z1  ,ZUK,,,,
470,"Samsung Galaxy J5 Prime


Samsung Exynos 7570 @ 1.4 GHz",98,Samsung,J5,Prime,,Galaxy J5 Prime ,Galaxy,,,,
377,"HTC One (M8)


Qualcomm MSM8974AB Snapdragon 801 @ 2.3 GHz",151,HTC,(M8),,,One (M8)  ,One,,,,
378,"Xiaomi Redmi S2


Qualcomm Snapdragon 625 @ 2.0 GHz",150,Xiaomi,S2,,,Redmi S2  ,Redmi,,,,
490,"Samsung Galaxy J5 (2016)


Qualcomm MSM8916 Snapdragon 410 @ 1.2 GHz",81,Samsung,J5,-2016,,Galaxy J5 -2016 ,Galaxy,,,,
380,"Motorola Nexus 6


Qualcomm APQ8084 Snapdragon 805 @ 2.6 GHz",149,Motorola,6,,,Nexus 6  ,Nexus,,,,
381,"Vivo V7+


Qualcomm Snapdragon 450 @ 1.8 GHz",148,Vivo,,,,V7+   ,V7+,,,,
382,"Vivo V7


Qualcomm Snapdragon 450 @ 1.8 GHz",148,Vivo,,,,V7   ,V7,,,,
492,"Samsung Galaxy J5


Qualcomm MSM8916 Snapdragon 410 @ 1.2 GHz",80,Samsung,J5,,,Galaxy J5  ,Galaxy,,,,
461,"Samsung Galaxy J3 (2017)


Samsung Exynos 7570 @ 1.4 GHz",103,Samsung,J3,-2017,,Galaxy J3 -2017 ,Galaxy,,,,
385,"OnePlus One


Qualcomm MSM8974AC Snapdragon 801 @ 2.5 GHz",147,OnePlus,,,,One   ,One,,,,
471,"Samsung Galaxy J3 Prime


Samsung Exynos 7570 @ 1.4 GHz",98,Samsung,J3,Prime,,Galaxy J3 Prime ,Galaxy,,,,
387,"Sony Xperia Z3


Qualcomm MSM8974AC Snapdragon 801 @ 2.5 GHz",147,Sony,Z3,,,Xperia Z3  ,Xperia,,,,
388,"Xiaomi Redmi 5


Qualcomm Snapdragon 450 @ 2.0 GHz",146,Xiaomi,5,,,Redmi 5  ,Redmi,,,,
389,"Motorola Moto G5 Plus


Qualcomm Snapdragon 625 @ 2.0 GHz",145,Motorola,G5,Plus,,Moto G5 Plus ,Moto,,,,
390,"Motorola Moto G5S Plus


Qualcomm Snapdragon 625 @ 2.0 GHz",145,Motorola,G5S,Plus,,Moto G5S Plus ,Moto,,,,
391,"Xiaomi Mi 5c


Xiaomi Surge S1 @ 1.4 GHz",145,Xiaomi,5c,,,Mi 5c  ,Mi,,,,
392,"Sony Xperia Z1


Qualcomm Snapdragon 800 @ 2.2 GHz",145,Sony,Z1,,,Xperia Z1  ,Xperia,,,,
393,"Motorola Moto Z Play


Qualcomm Snapdragon 625 @ 2.0 GHz",144,Motorola,Z,Play,,Moto Z Play ,Moto,,,,
394,"LG G2


Qualcomm Snapdragon 800 @ 2.3 GHz",144,LG,,,,G2   ,G2,,,,
395,"OnePlus X


Qualcomm MSM8974AB Snapdragon 801 @ 2.3 GHz",143,OnePlus,,,,X   ,X,,,,
488,"Samsung Galaxy J3 V


Qualcomm MSM8916 Snapdragon 410 @ 1.2 GHz",81,Samsung,J3,V,,Galaxy J3 V ,Galaxy,,,,
494,"Samsung Galaxy J3


Spreadtrum SC9830 @ 1.5 GHz",79,Samsung,J3,,,Galaxy J3  ,Galaxy,,,,
398,"Xiaomi Mi 3


Qualcomm MSM8274AB Snapdragon 801 @ 2.3 GHz",142,Xiaomi,3,,,Mi 3  ,Mi,,,,
399,"LG G Pro 2


Qualcomm Snapdragon 800 @ 2.3 GHz",142,LG,Pro,2,,G Pro 2 ,G,,,,
400,"LG G3


Qualcomm MSM8975AC Snapdragon 801 @ 2.5 GHz",141,LG,,,,G3   ,G3,,,,
401,"Oppo F3


Mediatek MT6750 @ 1.5 GHz",136,Oppo,,,,F3   ,F3,,,,
402,"LG Nexus 5


Qualcomm Snapdragon 800 @ 2.3 GHz",135,LG,5,,,Nexus 5  ,Nexus,,,,
403,"ZTE Trek 2 


Qualcomm Snapdragon 617 @ 1.5 GHz",133,ZTE,2,,,Trek 2  ,Trek,,,,
404,"Motorola Moto G6


Qualcomm Snapdragon 450 @ 1.8 GHz",133,Motorola,G6,,,Moto G6  ,Moto,,,,
405,"ZTE Axon 7 Mini


Qualcomm Snapdragon 617 @ 0 MHz",130,ZTE,7,Mini,,Axon 7 Mini ,Axon,,,,
386,"Samsung Galaxy J


Qualcomm Snapdragon 800 @ 2.3 GHz",147,Samsung,J,,,Galaxy J  ,Galaxy,,,,
407,"HTC One A9


Qualcomm Snapdragon 617 @ 0 MHz",127,HTC,A9,,,One A9  ,One,,,,
408,"Asus Zenfone 3 Max


Mediatek MT6737 @ 1.4 GHz",127,Asus,3,Max,,Zenfone 3 Max ,Zenfone,,,,
409,"General Mobile GM 5 Plus


Qualcomm Snapdragon 617 @ 1.5 GHz",125,General,GM,5,Plus,Mobile GM 5 Plus,Mobile,,,,
410,"Xiaomi Mi 4


Qualcomm MSM8974AC Snapdragon 801 @ 2.5 GHz",125,Xiaomi,4,,,Mi 4  ,Mi,,,,
411,"Nokia 6


Qualcomm Snapdragon 430 @ 1.4 GHz",124,Nokia,,,,6,6,,,,
412,"Sony Xperia L1


Mediatek MT6737T @ 1.4 GHz",124,Sony,L1,,,Xperia L1  ,Xperia,,,,
413,"Nokia 5


Qualcomm Snapdragon 430 @ 1.4 GHz",123,Nokia,,,,5,5,,,,
414,"Xiaomi Redmi 4X


Qualcomm Snapdragon 435 @ 0 MHz",123,Xiaomi,4X,,,Redmi 4X  ,Redmi,,,,
415,"Xiaomi Redmi 5A


Qualcomm Snapdragon 425 @ 1.4 GHz",123,Xiaomi,5A,,,Redmi 5A  ,Redmi,,,,
416,"ZTE Blade Z Max


Qualcomm Snapdragon 435 @ 1.4 GHz",123,ZTE,Z,Max,,Blade Z Max ,Blade,,,,
417,"Xiaomi Redmi Note 5A


Qualcomm Snapdragon 435 @ 1.4 GHz",123,Xiaomi,Note,5A,,Redmi Note 5A ,Redmi,,,,
418,"Wileyfox Swift 2 Plus


Qualcomm Snapdragon 430 @ 1.4 GHz",123,Wileyfox,2,Plus,,Swift 2 Plus ,Swift,,,,
419,"ZTE Max XL


Qualcomm Snapdragon 435 @ 1.4 GHz",123,ZTE,XL,,,Max XL  ,Max,,,,
499,"Samsung Galaxy Grand 2


Qualcomm MSM8226 Snapdragon 400 @ 1.2 GHz",64,Samsung,Grand,2,,Galaxy Grand 2 ,Galaxy,,,,
421,"Xiaomi Redmi 3s


Qualcomm Snapdragon 430 @ 1.4 GHz",122,Xiaomi,3s,,,Redmi 3s  ,Redmi,,,,
422,"Asus Zenfone 4 Max


Qualcomm Snapdragon 430 @ 1.4 GHz",122,Asus,4,Max,,Zenfone 4 Max ,Zenfone,,,,
423,"Asus Zenfone Max Plus


Mediatek MT6750 @ 1.5 GHz",122,Asus,Max,Plus,,Zenfone Max Plus ,Zenfone,,,,
424,"ZTE Blade X Max


Qualcomm Snapdragon 435 @ 1.4 GHz",122,ZTE,X,Max,,Blade X Max ,Blade,,,,
425,"Xiaomi Redmi 4A


Qualcomm Snapdragon 425 @ 1.4 GHz",120,Xiaomi,4A,,,Redmi 4A  ,Redmi,,,,
426,"Lenovo K6 Note


Qualcomm Snapdragon 430 @ 1.4 GHz",120,Lenovo,Note,,,K6 Note  ,K6,,,,
427,"Asus Zenpad 8.0


MediaTek MT8163 V/B @ 1.3 GHz",119,Asus,8,,,Zenpad 8  ,Zenpad,,,,
428,"Meizu M6


Mediatek MT6750 @ 1.0 GHz",119,Meizu,,,,M6   ,M6,,,,
43,"Samsung Galaxy Fold 5G


Qualcomm Snapdragon 855 @ 1.8 GHz",686,Samsung,Fold,5G,,Galaxy Fold 5G ,Galaxy,,,,
430,"Vivo V5s


Mediatek MT6750 @ 1.5 GHz",117,Vivo,,,,V5s   ,V5s,,,,
438,"Samsung Galaxy Feel


Samsung Exynos 7870 Octa @ 1.6 GHz",114,Samsung,Feel,,,Galaxy Feel  ,Galaxy,,,,
296,"Samsung Galaxy C9 Pro


Qualcomm Snapdragon 653 @ 1.4 GHz",216,Samsung,C9,Pro,,Galaxy C9 Pro ,Galaxy,,,,
328,"Samsung Galaxy C7 Pro


Qualcomm Snapdragon 626 @ 2.2 GHz",176,Samsung,C7,Pro,,Galaxy C7 Pro ,Galaxy,,,,
366,"Samsung Galaxy C7


Qualcomm Snapdragon 625 @ 2.0 GHz",164,Samsung,C7,,,Galaxy C7  ,Galaxy,,,,
435,"Vernee Thor


Mediatek MT6753 @ 1.3 GHz",115,Vernee,,,,Thor   ,Thor,,,,
357,"Samsung Galaxy C5 Pro


Qualcomm Snapdragon 626 @ 2.2 GHz",168,Samsung,C5,Pro,,Galaxy C5 Pro ,Galaxy,,,,
437,"Motorola Moto X Play


Qualcomm Snapdragon 615 @ 1.7 GHz",115,Motorola,X,Play,,Moto X Play ,Moto,,,,
475,"Samsung Galaxy C5


Qualcomm Snapdragon 617 @ 1.5 GHz",95,Samsung,C5,,,Galaxy C5  ,Galaxy,,,,
342,"Samsung Galaxy Alpha


Samsung Exynos 5430 @ 1.3 GHz",171,Samsung,Alpha,,,Galaxy Alpha  ,Galaxy,,,,
51,"Samsung Galaxy A90 5G


Qualcomm Snapdragon 855 @ 1.8 GHz",673,Samsung,A90,5G,,Galaxy A90 5G ,Galaxy,,,,
441,"Motorola Moto G4


Qualcomm Snapdragon 617 @ 1.5 GHz",112,Motorola,G4,,,Moto G4  ,Moto,,,,
212,"Samsung Galaxy A9 (2018)


Qualcomm Snapdragon 660 @ 1.8 GHz",297,Samsung,A9,-2018,,Galaxy A9 -2018 ,Galaxy,,,,
443,"HTC One


Qualcomm Snapdragon 600 @ 1.7 GHz",108,HTC,,,,One   ,One,,,,
287,"Samsung Galaxy A9 Pro


Qualcomm Snapdragon 652 @ 1.4 GHz",228,Samsung,A9,Pro,,Galaxy A9 Pro ,Galaxy,,,,
445,"Xiaomi Redmi 3


Qualcomm MSM8939v2 Snapdragon 616 @ 1.5 GHz",107,Xiaomi,3,,,Redmi 3  ,Redmi,,,,
67,"Samsung Galaxy A80


Qualcomm Snapdragon 730 @ 1.8 GHz",520,Samsung,A80,,,Galaxy A80  ,Galaxy,,,,
447,"Lenovo K6 Power


Qualcomm Snapdragon 430 @ 1.4 GHz",106,Lenovo,Power,,,K6 Power  ,K6,,,,
448,"Lenovo K6


Qualcomm Snapdragon 430 @ 1.4 GHz",106,Lenovo,,,,K6   ,K6,,,,
213,"Samsung Galaxy A8+ (2018)


Samsung Exynos 7885 Octa @ 1.6 GHz",295,Samsung,A8+,-2018,,Galaxy A8+ -2018 ,Galaxy,,,,
450,"LG K10 (2017)


Mediatek MT6750 @ 1.0 GHz",105,LG,-2017,,,K10 -2017  ,K10,,,,
451,"Motorola Moto G6 Play


Qualcomm Snapdragon 430 @ 1.4 GHz",105,Motorola,G6,Play,,Moto G6 Play ,Moto,,,,
452,"Huawei Honor 6A


Qualcomm Snapdragon 430 @ 1.4 GHz",105,Huawei,6A,,,Honor 6A  ,Honor,,,,
453,"Huawei P9 lite mini


Qualcomm Snapdragon 425 @ 1.4 GHz",105,Huawei,lite,mini,,P9 lite mini ,P9,,,,
454,"Huawei Y7 Prime


Qualcomm Snapdragon 435 @ 1.4 GHz",105,Huawei,Prime,,,Y7 Prime  ,Y7,,,,
199,"Samsung Galaxy A8 (2018)


Samsung Exynos 7885 Octa @ 1.6 GHz",307,Samsung,A8,-2018,,Galaxy A8 -2018 ,Galaxy,,,,
456,"Lenovo Vibe K5 Plus


Qualcomm MSM8939v2 Snapdragon 616 @ 1.5 GHz",104,Lenovo,K5,Plus,,Vibe K5 Plus ,Vibe,,,,
457,"Motorola Moto G5S


Qualcomm Snapdragon 430 @ 1.4 GHz",104,Motorola,G5S,,,Moto G5S  ,Moto,,,,
458,"Huawei P8 lite


HiSilicon Kirin 620 @ 1.2 GHz",103,Huawei,lite,,,P8 lite  ,P8,,,,
459,"Lenovo Vibe K6


Qualcomm Snapdragon 430 @ 1.4 GHz",103,Lenovo,K6,,,Vibe K6  ,Vibe,,,,
460,"Motorola Moto G5


Qualcomm Snapdragon 430 @ 1.4 GHz",103,Motorola,G5,,,Moto G5  ,Moto,,,,
260,"Samsung Galaxy A8 (2016)


Samsung Exynos 7420 @ 1.5 GHz",257,Samsung,A8,-2016,,Galaxy A8 -2016 ,Galaxy,,,,
462,"BQ Aquaris M5


Qualcomm Snapdragon 615 @ 1.5 GHz",102,BQ,M5,,,Aquaris M5  ,Aquaris,,,,
79,"Samsung Galaxy A71


Qualcomm Snapdragon 730 @ 1.8 GHz",498,Samsung,A71,,,Galaxy A71  ,Galaxy,,,,
464,"LG Stylus 3


Mediatek MT6750 @ 1.4 GHz",102,LG,3,,,Stylus 3  ,Stylus,,,,
465,"LG G Pad 8.3


Qualcomm Snapdragon 600 @ 1.7 GHz",102,LG,Pad,8.3,,G Pad 8.3 ,G,,,,
466,"Nokia 3


Mediatek MT6737 @ 1.2 GHz",101,Nokia,,,,3,3,,,,
86,"Samsung Galaxy A70


Qualcomm Snapdragon 675 @ 1.7 GHz",475,Samsung,A70,,,Galaxy A70  ,Galaxy,,,,
468,"LG Stylo 3 Plus


Qualcomm Snapdragon 435 @ 1.4 GHz",100,LG,3,Plus,,Stylo 3 Plus ,Stylo,,,,
469,"LG Stylus 2 Plus


Qualcomm Snapdragon 430 @ 1.4 GHz",100,LG,2,Plus,,Stylus 2 Plus ,Stylus,,,,
211,"Samsung Galaxy A7


Samsung Exynos 7885 Octa @ 1.6 GHz",298,Samsung,A7,,,Galaxy A7  ,Galaxy,,,,
397,"Samsung Galaxy A7 (2017)


Samsung Exynos 7880 @ 1.9 GHz",142,Samsung,A7,-2017,,Galaxy A7 -2017 ,Galaxy,,,,
449,"Samsung Galaxy A7 (2016)


Samsung Exynos 7580 @ 1.6 GHz",106,Samsung,A7,-2016,,Galaxy A7 -2016 ,Galaxy,,,,
473,"Asus Zenfone 2 Laser


Qualcomm Snapdragon 650 @ 1.2 GHz",97,Asus,2,Laser,,Zenfone 2 Laser ,Zenfone,,,,
474,"Wileyfox Swift


Qualcomm MSM8916 Snapdragon 410 @ 1.2 GHz",97,Wileyfox,,,,Swift   ,Swift,,,,
187,"Samsung Galaxy A51


Samsung Exynos 9611 @ 1.7 GHz",312,Samsung,A51,,,Galaxy A51  ,Galaxy,,,,
476,"Motorola Moto G3


Qualcomm MSM8916 Snapdragon 410 @ 1.4 GHz",94,Motorola,G3,,,Moto G3  ,Moto,,,,
477,"Asus Nexus 7 (2013)


Qualcomm Snapdragon S4 Pro APQ8064 @ 1.5 GHz",93,Asus,7,-2013,,Nexus 7 -2013 ,Nexus,,,,
478,"Meizu M5 Note


Mediatek MT6755 Helio P10 @ 1.0 GHz",92,Meizu,Note,,,M5 Note  ,M5,,,,
479,"LG K20 plus


Qualcomm Snapdragon 425 @ 1.4 GHz",92,LG,plus,,,K20 plus  ,K20,,,,
480,"Motorola Moto G4 Play


Qualcomm MSM8916 Snapdragon 410 @ 1.2 GHz",84,Motorola,G4,Play,,Moto G4 Play ,Moto,,,,
481,"LG Nexus 4


Qualcomm Snapdragon S4 Pro APQ8064 @ 1.5 GHz",84,LG,4,,,Nexus 4  ,Nexus,,,,
482,"LG Aristo 2


Qualcomm Snapdragon 425 @ 1.4 GHz",84,LG,2,,,Aristo 2  ,Aristo,,,,
483,"LG Stylo 2


Qualcomm MSM8916 Snapdragon 410 @ 1.2 GHz",83,LG,2,,,Stylo 2  ,Stylo,,,,
484,"Motorola Moto E4 Plus


Mediatek MT6737 @ 1.2 GHz",82,Motorola,E4,Plus,,Moto E4 Plus ,Moto,,,,
485,"Motorola Moto E4


Mediatek MT6737 @ 1.2 GHz",81,Motorola,E4,,,Moto E4  ,Moto,,,,
181,"Samsung Galaxy A50s


Samsung Exynos 9611 @ 1.7 GHz",318,Samsung,A50s,,,Galaxy A50s  ,Galaxy,,,,
162,"Samsung Galaxy A50


Samsung Exynos 9610 @ 1.7 GHz",330,Samsung,A50,,,Galaxy A50  ,Galaxy,,,,
396,"Samsung Galaxy A5 (2017)


Samsung Exynos 7880 @ 1.9 GHz",142,Samsung,A5,-2017,,Galaxy A5 -2017 ,Galaxy,,,,
446,"Samsung Galaxy A5 (2016)


Samsung Exynos 7580 @ 1.6 GHz",107,Samsung,A5,-2016,,Galaxy A5 -2016 ,Galaxy,,,,
256,"Samsung Galaxy A40


Samsung Exynos 7904 @ 1.6 GHz",258,Samsung,A40,,,Galaxy A40  ,Galaxy,,,,
491,"Motorola Moto C Plus


Mediatek MT6737 @ 1.2 GHz",81,Motorola,C,Plus,,Moto C Plus ,Moto,,,,
258,"Samsung Galaxy A30s


Samsung Exynos 7904 @ 1.6 GHz",258,Samsung,A30s,,,Galaxy A30s  ,Galaxy,,,,
493,"LG Q6


Qualcomm Snapdragon 435 @ 1.4 GHz",79,LG,,,,Q6   ,Q6,,,,
268,"Samsung Galaxy A30


Samsung Exynos 7904 @ 1.6 GHz",252,Samsung,A30,,,Galaxy A30  ,Galaxy,,,,
431,"Samsung Galaxy A3 (2017)


Samsung Exynos 7870 Octa @ 1.6 GHz",117,Samsung,A3,-2017,,Galaxy A3 -2017 ,Galaxy,,,,
496,"Motorola Moto C


Mediatek MT6737 @ 1.1 GHz",69,Motorola,C,,,Moto C  ,Moto,,,,
467,"Samsung Galaxy A3 (2016)


Samsung Exynos 7578 @ 1.5 GHz",101,Samsung,A3,-2016,,Galaxy A3 -2016 ,Galaxy,,,,
383,"Samsung Galaxy A20s


Qualcomm Snapdragon 450 @ 1.8 GHz",148,Samsung,A20s,,,Galaxy A20s  ,Galaxy,,,,
281,"Samsung Galaxy A20e


Samsung Exynos 7884 @ 1.4 GHz",232,Samsung,A20e,,,Galaxy A20e  ,Galaxy,,,,
283,"Samsung Galaxy A20


Samsung Exynos 7884 @ 1.4 GHz",231,Samsung,A20,,,Galaxy A20  ,Galaxy,,,,
